[
  {
    "name": "Solar Park Hijken Zuid",
    "location": "De Lotten 3, 9415 Hijken, Nederland",
    "country": "Netherlands",
    "region": "",
    "total_hectares": 15.0,
    "vegetation_type": "Mixed grass",
    "contact_email": "",
    "contact_phone": null,
    "website": "https://www.statkraft.nl/over-statkraft/waar-wij-actief-zijn/Nederland/hijken/",
    "coordinates": {
      "latitude": 52.8829834,
      "longitude": 6.5177059
    }
  },
  {
    "name": "Zonnepark Midden-Groningen",
    "location": "Buitenhuizen 1, 9615 AA Sappemeer, Nederland",
    "country": "Netherlands",
    "region": "",
    "total_hectares": 15.0,
    "vegetation_type": "Mixed grass",
    "contact_email": "",
    "contact_phone": null,
    "website": "http://www.chintsolar.nl/",
    "coordinates": {
      "latitude": 53.1760291,
      "longitude": 6.7671302
    }
  },
  {
    "name": "NL Solarpark De Kwekerij B.V.",
    "location": "Gildebongerd 65A, 7038 DB Zeddam, Nederland",
    "country": "Netherlands",
    "region": "",
    "total_hectares": 7.0,
    "vegetation_type": "Mixed grass",
    "contact_email": "",
    "contact_phone": "+31 6 53819281",
    "website": "http://nlsolarparkdekwekerij.nl/",
    "coordinates": {
      "latitude": 51.9072676,
      "longitude": 6.2607749
    }
  },
  {
    "name": "Solarpark Galecop",
    "location": "PJ, Galecopperzoom, Nieuwegein, Nederland",
    "country": "Netherlands",
    "region": "",
    "total_hectares": 15.0,
    "vegetation_type": "Mixed grass",
    "contact_email": "",
    "contact_phone": "+31 6 33765735",
    "website": "http://solarparkgalecop.nl/",
    "coordinates": {
      "latitude": 52.058732,
      "longitude": 5.078087
    }
  },
  {
    "name": "Zonnepark Vlagtwedde",
    "location": "Mussel A Kanaal Oost 3, 9541 XW Vlagtwedde, Nederland",
    "country": "Netherlands",
    "region": "",
    "total_hectares": 15.0,
    "vegetation_type": "Mixed grass",
    "contact_email": "",
    "contact_phone": null,
    "website": "https://www.encavis.com/",
    "coordinates": {
      "latitude": 52.9854821,
      "longitude": 7.0718361
    }
  },
  {
    "name": "Zonnepark Meerdorpen",
    "location": "Atoomweg 6B, 9743 AK Groningen, Nederland",
    "country": "Netherlands",
    "region": "Groningen",
    "total_hectares": 15.0,
    "vegetation_type": "Mixed grass",
    "contact_email": "",
    "contact_phone": "+31 50 820 0492",
    "website": "https://www.grunnegerpower.nl/projecten/zonnepark-meerdorpen/",
    "coordinates": {
      "latitude": 53.1985345,
      "longitude": 6.6433284
    }
  },
  {
    "name": "Zonnepark Emmen",
    "location": "Veenakkers 25, 7881 XA Emmer-Compascuum, Nederland",
    "country": "Netherlands",
    "region": "",
    "total_hectares": 15.0,
    "vegetation_type": "Mixed grass",
    "contact_email": "",
    "contact_phone": null,
    "website": "http://www.powerfield.nl/",
    "coordinates": {
      "latitude": 52.8154738,
      "longitude": 6.978671
    }
  },
  {
    "name": "Solar Park Sellingen",
    "location": "Beetserwijk 9551, 9551 VH Sellingen, Nederland",
    "country": "Netherlands",
    "region": "",
    "total_hectares": 15.0,
    "vegetation_type": "Mixed grass",
    "contact_email": "",
    "contact_phone": null,
    "website": null,
    "coordinates": {
      "latitude": 52.9446954,
      "longitude": 7.0916533
    }
  },
  {
    "name": "Solar park Delfzijl",
    "location": "Oosterlaan, 9936 HN Farmsum, Nederland",
    "country": "Netherlands",
    "region": "",
    "total_hectares": 15.0,
    "vegetation_type": "Mixed grass",
    "contact_email": "",
    "contact_phone": null,
    "website": null,
    "coordinates": {
      "latitude": 53.30122,
      "longitude": 6.9567587
    }
  },
  {
    "name": "Volt4U Zonnepanelen",
    "location": "Vogelpoelweg 8, 3961 NL Wijk bij Duurstede, Nederland",
    "country": "Netherlands",
    "region": "",
    "total_hectares": 15.0,
    "vegetation_type": "Mixed grass",
    "contact_email": "",
    "contact_phone": "+31 343 764 129",
    "website": "http://www.volt4u.nl/",
    "coordinates": {
      "latitude": 51.9738076,
      "longitude": 5.3175395
    }
  },
  {
    "name": "ESK-SOLAR ZONNEPARK",
    "location": "Fahrenheitstraat 14, 8861 NB Harlingen, Nederland",
    "country": "Netherlands",
    "region": "",
    "total_hectares": 15.0,
    "vegetation_type": "Mixed grass",
    "contact_email": "",
    "contact_phone": "+31 6 47551503",
    "website": "http://esk-solar.nl/",
    "coordinates": {
      "latitude": 53.1807033,
      "longitude": 5.4603405
    }
  },
  {
    "name": "Solarvation",
    "location": "Wisentweg 64, 8219 PL Lelystad, Nederland",
    "country": "Netherlands",
    "region": "",
    "total_hectares": 15.0,
    "vegetation_type": "Mixed grass",
    "contact_email": "",
    "contact_phone": "+31 320 793 003",
    "website": "https://www.solarvation.nl/",
    "coordinates": {
      "latitude": 52.5220457,
      "longitude": 5.580418
    }
  },
  {
    "name": "Zonnepark Services Nederland",
    "location": "Beneluxweg 132, 9636 HV Zuidbroek, Nederland",
    "country": "Netherlands",
    "region": "",
    "total_hectares": 15.0,
    "vegetation_type": "Mixed grass",
    "contact_email": "",
    "contact_phone": "+31 30 781 0000",
    "website": "http://www.zonnepark-services.nl/",
    "coordinates": {
      "latitude": 53.1644067,
      "longitude": 6.8751114
    }
  },
  {
    "name": "Kameleon Solar",
    "location": "Belder 1, 4704 RK Roosendaal, Nederland",
    "country": "Netherlands",
    "region": "",
    "total_hectares": 15.0,
    "vegetation_type": "Mixed grass",
    "contact_email": "",
    "contact_phone": "+31 165 763 826",
    "website": "https://kameleonsolar.com/",
    "coordinates": {
      "latitude": 51.5561896,
      "longitude": 4.4712038
    }
  },
  {
    "name": "Green Farm Energy",
    "location": "Wassenaarseweg 20, 2596 CH Den Haag, Nederland",
    "country": "Netherlands",
    "region": "Zuid-Holland",
    "total_hectares": 15.0,
    "vegetation_type": "Mixed grass",
    "contact_email": "",
    "contact_phone": "+31 85 081 0080",
    "website": "https://www.greenfarmenergy.nl/contact",
    "coordinates": {
      "latitude": 52.0908504,
      "longitude": 4.3139122
    }
  },
  {
    "name": "Atama Solar Energy BV",
    "location": "Nijverheidsweg 35, 6662 NG Elst, Nederland",
    "country": "Netherlands",
    "region": "",
    "total_hectares": 15.0,
    "vegetation_type": "Mixed grass",
    "contact_email": "",
    "contact_phone": "+31 88 297 3400",
    "website": "http://www.atama.nl/",
    "coordinates": {
      "latitude": 51.9135556,
      "longitude": 5.8687442
    }
  },
  {
    "name": "Sunvest",
    "location": "Nijverheidsweg 16A, Unit 2A2, 3534 AM Utrecht, Nederland",
    "country": "Netherlands",
    "region": "Utrecht",
    "total_hectares": 15.0,
    "vegetation_type": "Mixed grass",
    "contact_email": "",
    "contact_phone": "+31 6 19206307",
    "website": "https://sunvest.nl/",
    "coordinates": {
      "latitude": 52.1025425,
      "longitude": 5.0786812
    }
  },
  {
    "name": "Zonnedaken Nederland",
    "location": "Kromme-Elleboog 2, 9684 XA Finsterwolde, Nederland",
    "country": "Netherlands",
    "region": "",
    "total_hectares": 15.0,
    "vegetation_type": "Wild flowers",
    "contact_email": "",
    "contact_phone": "+31 597 857 696",
    "website": "https://www.zonnedaken-nederland.nl/",
    "coordinates": {
      "latitude": 53.1931683,
      "longitude": 7.0642983
    }
  },
  {
    "name": "Solar Group Holland (Bouw) B.V.",
    "location": "Schoolstraat 147, 3864 ME Nijkerkerveen, Nederland",
    "country": "Netherlands",
    "region": "",
    "total_hectares": 15.0,
    "vegetation_type": "Mixed grass",
    "contact_email": "",
    "contact_phone": null,
    "website": "https://solargroupholland.com/",
    "coordinates": {
      "latitude": 52.1868782,
      "longitude": 5.493849
    }
  },
  {
    "name": "Solarfeld",
    "location": "9936 HN Farmsum, Nederland",
    "country": "Netherlands",
    "region": "",
    "total_hectares": 15.0,
    "vegetation_type": "Mixed grass",
    "contact_email": "",
    "contact_phone": null,
    "website": null,
    "coordinates": {
      "latitude": 53.3004809,
      "longitude": 6.9567751
    }
  },
  {
    "name": "Solarfeld",
    "location": "9936 TG Farmsum, Nederland",
    "country": "Netherlands",
    "region": "",
    "total_hectares": 15.0,
    "vegetation_type": "Mixed grass",
    "contact_email": "",
    "contact_phone": null,
    "website": null,
    "coordinates": {
      "latitude": 53.2967551,
      "longitude": 6.9578778
    }
  },
  {
    "name": "Solarfeld",
    "location": "9936 TG Farmsum, Nederland",
    "country": "Netherlands",
    "region": "",
    "total_hectares": 15.0,
    "vegetation_type": "Mixed grass",
    "contact_email": "",
    "contact_phone": null,
    "website": null,
    "coordinates": {
      "latitude": 53.2839177,
      "longitude": 6.9749333
    }
  },
  {
    "name": "Symm Energy BV",
    "location": "Melkrijder 19a, 3861 SG Nijkerk, Nederland",
    "country": "Netherlands",
    "region": "",
    "total_hectares": 15.0,
    "vegetation_type": "Mixed grass",
    "contact_email": "",
    "contact_phone": "+31 6 43152218",
    "website": "http://www.symm.nl/",
    "coordinates": {
      "latitude": 52.2308746,
      "longitude": 5.4628886
    }
  },
  {
    "name": "SolarNRG Trading B.V.",
    "location": "Mercuriusplein 40, 2685 LP Poeldijk, Nederland",
    "country": "Netherlands",
    "region": "",
    "total_hectares": 15.0,
    "vegetation_type": "Mixed grass",
    "contact_email": "",
    "contact_phone": "+31 174 444 171",
    "website": "https://solarnrg.nl/",
    "coordinates": {
      "latitude": 52.0202776,
      "longitude": 4.2126209
    }
  },
  {
    "name": "Solar Park Marum BV",
    "location": "9363 XD Marum, Nederland",
    "country": "Netherlands",
    "region": "",
    "total_hectares": 15.0,
    "vegetation_type": "Mixed grass",
    "contact_email": "",
    "contact_phone": null,
    "website": "https://www.solarfields.nl/",
    "coordinates": {
      "latitude": 53.1353915,
      "longitude": 6.2801007
    }
  },
  {
    "name": "Marstek Power",
    "location": "Bieskade 2, 2492 TP Den Haag, Nederland",
    "country": "Netherlands",
    "region": "Zuid-Holland",
    "total_hectares": 15.0,
    "vegetation_type": "Mixed grass",
    "contact_email": "",
    "contact_phone": "+31 85 401 7089",
    "website": "https://www.marstek-power.eu/",
    "coordinates": {
      "latitude": 52.0594401,
      "longitude": 4.4176745
    }
  },
  {
    "name": "Zonnepark Braambergen",
    "location": "Kemphaanweg 2, 1358 AB Almere, Nederland",
    "country": "Netherlands",
    "region": "Flevoland",
    "total_hectares": 15.0,
    "vegetation_type": "Mixed grass",
    "contact_email": "",
    "contact_phone": "+31 800 0700",
    "website": "https://www.hvcgroep.nl/ons-verhaal/onze-groene-projecten/zonnepark-braambergen",
    "coordinates": {
      "latitude": 52.3352155,
      "longitude": 5.2855803
    }
  },
  {
    "name": "Zonnepark de Lichtkiem",
    "location": "9406 XK Assen, Nederland",
    "country": "Netherlands",
    "region": "",
    "total_hectares": 15.0,
    "vegetation_type": "Mixed grass",
    "contact_email": "",
    "contact_phone": null,
    "website": "https://www.zonnepanelendelen.nl/project/lichtkiem/",
    "coordinates": {
      "latitude": 53.0081281,
      "longitude": 6.5237969
    }
  },
  {
    "name": "Zonnepark AVRI Solar B.V.",
    "location": "4191 NK Geldermalsen, Nederland",
    "country": "Netherlands",
    "region": "",
    "total_hectares": 15.0,
    "vegetation_type": "Mixed grass",
    "contact_email": "",
    "contact_phone": null,
    "website": null,
    "coordinates": {
      "latitude": 51.8669953,
      "longitude": 5.3252541
    }
  },
  {
    "name": "IX Zon",
    "location": "Schipholweg 103, 2316 XC Leiden, Nederland",
    "country": "Netherlands",
    "region": "Zuid-Holland",
    "total_hectares": 15.0,
    "vegetation_type": "Mixed grass",
    "contact_email": "",
    "contact_phone": "+31 88 886 0808",
    "website": "http://www.ixzon.nl/",
    "coordinates": {
      "latitude": 52.1694948,
      "longitude": 4.4885155
    }
  },
  {
    "name": "Zonnepark kampen",
    "location": "Rietsteeg 4, 8293 PC Mastenbroek, Nederland",
    "country": "Netherlands",
    "region": "",
    "total_hectares": 15.0,
    "vegetation_type": "Mixed grass",
    "contact_email": "",
    "contact_phone": null,
    "website": null,
    "coordinates": {
      "latitude": 52.5789587,
      "longitude": 5.9796273
    }
  },
  {
    "name": "Zonnepark Melissant (Sunstroom)",
    "location": "Bouwdijk 23, 3248 LA Melissant, Nederland",
    "country": "Netherlands",
    "region": "",
    "total_hectares": 15.0,
    "vegetation_type": "Mixed grass",
    "contact_email": "",
    "contact_phone": "+31 6 41132035",
    "website": null,
    "coordinates": {
      "latitude": 51.774319,
      "longitude": 4.0369101
    }
  },
  {
    "name": "Zonnepanelen park",
    "location": "2992 SC Barendrecht, Nederland",
    "country": "Netherlands",
    "region": "",
    "total_hectares": 15.0,
    "vegetation_type": "Mixed grass",
    "contact_email": "",
    "contact_phone": null,
    "website": null,
    "coordinates": {
      "latitude": 51.8410591,
      "longitude": 4.5175397
    }
  },
  {
    "name": "Zonnepark Andijk",
    "location": "1619 PE Andijk, Nederland",
    "country": "Netherlands",
    "region": "",
    "total_hectares": 15.0,
    "vegetation_type": "Mixed grass",
    "contact_email": "",
    "contact_phone": null,
    "website": null,
    "coordinates": {
      "latitude": 52.7374175,
      "longitude": 5.229168
    }
  },
  {
    "name": "Zonnepark Zuyderzon",
    "location": "Caissonweg 1332, 1332 BX Almere, Nederland",
    "country": "Netherlands",
    "region": "Flevoland",
    "total_hectares": 15.0,
    "vegetation_type": "Mixed grass",
    "contact_email": "",
    "contact_phone": "+31 6 31317632",
    "website": "https://www.hvcgroep.nl/ons-verhaal/projecten/zonnepark-zuyderzon-almere",
    "coordinates": {
      "latitude": 52.420039,
      "longitude": 5.242145
    }
  },
  {
    "name": "Solar Campus Purmerend",
    "location": "t/o, Westerweg 79, 1446 AG Purmerend, Nederland",
    "country": "Netherlands",
    "region": "",
    "total_hectares": 15.0,
    "vegetation_type": "Mixed grass",
    "contact_email": "",
    "contact_phone": null,
    "website": "http://www.solarcampuspurmerend.nl/",
    "coordinates": {
      "latitude": 52.5225522,
      "longitude": 5.0058513
    }
  },
  {
    "name": "SolarParking",
    "location": "Rubberstraat 6a, 1411 AL Naarden, Nederland",
    "country": "Netherlands",
    "region": "",
    "total_hectares": 15.0,
    "vegetation_type": "Mixed grass",
    "contact_email": "",
    "contact_phone": "+31 35 887 8700",
    "website": "http://www.solarparking.nl/",
    "coordinates": {
      "latitude": 52.3028407,
      "longitude": 5.1468641
    }
  },
  {
    "name": "Sunergetic B.V.",
    "location": "Vossenkoog 6, 1822 BG Alkmaar, Nederland",
    "country": "Netherlands",
    "region": "",
    "total_hectares": 15.0,
    "vegetation_type": "Mixed grass",
    "contact_email": "",
    "contact_phone": "+31 85 222 0026",
    "website": "https://sunergetic.nl/",
    "coordinates": {
      "latitude": 52.6441332,
      "longitude": 4.783254
    }
  },
  {
    "name": "Influx Group | Duurzaam Friesland",
    "location": "De Bird 15-6, 8918 EX Leeuwarden, Nederland",
    "country": "Netherlands",
    "region": "Friesland",
    "total_hectares": 15.0,
    "vegetation_type": "Mixed grass",
    "contact_email": "",
    "contact_phone": "+31 6 38582434",
    "website": "http://www.influxgroup.nl/",
    "coordinates": {
      "latitude": 53.2141972,
      "longitude": 5.789351
    }
  },
  {
    "name": "PSE Energy",
    "location": "Valkenburgerweg 223, 6419 AT Heerlen, Nederland",
    "country": "Netherlands",
    "region": "",
    "total_hectares": 15.0,
    "vegetation_type": "Mixed grass",
    "contact_email": "",
    "contact_phone": "+31 800 5557755",
    "website": "http://www.pse-energy.com/",
    "coordinates": {
      "latitude": 50.8779294,
      "longitude": 5.9542178
    }
  },
  {
    "name": "Energiepark Groensebos BV",
    "location": "Heerdstraat, 6111 RA Sint Joost, Nederland",
    "country": "Netherlands",
    "region": "",
    "total_hectares": 15.0,
    "vegetation_type": "Mixed grass",
    "contact_email": "",
    "contact_phone": "+31 6 16140351",
    "website": "https://zonneparkgroensebos.nl/",
    "coordinates": {
      "latitude": 51.1115352,
      "longitude": 5.9282185
    }
  },
  {
    "name": "Solarpark Wienhoek",
    "location": "Mosberg 45, 4708 NA Roosendaal, Nederland",
    "country": "Netherlands",
    "region": "",
    "total_hectares": 15.0,
    "vegetation_type": "Mixed grass",
    "contact_email": "",
    "contact_phone": null,
    "website": null,
    "coordinates": {
      "latitude": 51.5256875,
      "longitude": 4.429202
    }
  },
  {
    "name": "Zonnepark Scaldia",
    "location": "4389 PS Ritthem, Nederland",
    "country": "Netherlands",
    "region": "",
    "total_hectares": 15.0,
    "vegetation_type": "Mixed grass",
    "contact_email": "",
    "contact_phone": null,
    "website": "https://www.solarfields.nl/projecten/zonneparken/vlissingen-scaldia/",
    "coordinates": {
      "latitude": 51.4582831,
      "longitude": 3.7100285
    }
  },
  {
    "name": "Zonnepark Services Nederland",
    "location": "Drieharingstraat 6, 3511 BJ Utrecht, Nederland",
    "country": "Netherlands",
    "region": "Utrecht",
    "total_hectares": 15.0,
    "vegetation_type": "Mixed grass",
    "contact_email": "",
    "contact_phone": "+31 30 781 0000",
    "website": "http://www.zonnepark-services.nl/",
    "coordinates": {
      "latitude": 52.0920299,
      "longitude": 5.1158787
    }
  },
  {
    "name": "TPSolar Nederland BV",
    "location": "Melbournestraat 9, unit 7, 1175 RM Lijnden, Nederland",
    "country": "Netherlands",
    "region": "",
    "total_hectares": 15.0,
    "vegetation_type": "Mixed grass",
    "contact_email": "",
    "contact_phone": "+31 23 741 0144",
    "website": "https://www.tpsolar.nl/",
    "coordinates": {
      "latitude": 52.349737,
      "longitude": 4.7676308
    }
  },
  {
    "name": "Zonnepanelen park",
    "location": "Deventerseweg 14, 2994 LD Barendrecht, Nederland",
    "country": "Netherlands",
    "region": "",
    "total_hectares": 15.0,
    "vegetation_type": "Mixed grass",
    "contact_email": "",
    "contact_phone": null,
    "website": null,
    "coordinates": {
      "latitude": 51.8625557,
      "longitude": 4.5125476
    }
  },
  {
    "name": "Solarlandschapspark De Kwekerij",
    "location": "Stekweg, 7255 LM Hengelo, Nederland",
    "country": "Netherlands",
    "region": "",
    "total_hectares": 15.0,
    "vegetation_type": "Mixed grass",
    "contact_email": "",
    "contact_phone": null,
    "website": "https://nlsolarparkdekwekerij.nl/",
    "coordinates": {
      "latitude": 52.0566743,
      "longitude": 6.3091029
    }
  },
  {
    "name": "Solarduck",
    "location": "Weena 70, 3012 CM Rotterdam, Nederland",
    "country": "Netherlands",
    "region": "Zuid-Holland",
    "total_hectares": 15.0,
    "vegetation_type": "Mixed grass",
    "contact_email": "",
    "contact_phone": "+31 85 732 6783",
    "website": "http://www.solarduck.tech/",
    "coordinates": {
      "latitude": 51.9237365,
      "longitude": 4.476217
    }
  },
  {
    "name": "centrale photovoltaïque flottante de Piolenc",
    "location": "84420 Piolenc, France",
    "country": "France",
    "region": "Provence-Alpes-Côte d'Azur",
    "total_hectares": 20.0,
    "vegetation_type": "Mixed grass",
    "contact_email": "",
    "contact_phone": null,
    "website": null,
    "coordinates": {
      "latitude": 44.1533822,
      "longitude": 4.7267674
    }
  },
  {
    "name": "Parc Solaire Logelbach VOLTALIA",
    "location": "68124 Wintzenheim, France",
    "country": "France",
    "region": "Grand Est",
    "total_hectares": 20.0,
    "vegetation_type": "Mixed grass",
    "contact_email": "",
    "contact_phone": null,
    "website": null,
    "coordinates": {
      "latitude": 48.0822929,
      "longitude": 7.3175298
    }
  },
  {
    "name": "Parc solaire Les Clapas",
    "location": "249H+7V, 12230 La Cavalerie, France",
    "country": "France",
    "region": "Occitanie",
    "total_hectares": 20.0,
    "vegetation_type": "Mixed grass",
    "contact_email": "",
    "contact_phone": null,
    "website": "http://www.terreetlac.com/",
    "coordinates": {
      "latitude": 44.0181857,
      "longitude": 3.1296863
    }
  },
  {
    "name": "Parc Solaire de Jugy",
    "location": "Rte de Baudinet, 71700 Boyer, France",
    "country": "France",
    "region": "Bourgogne-Franche-Comté",
    "total_hectares": 20.0,
    "vegetation_type": "Mixed grass",
    "contact_email": "",
    "contact_phone": null,
    "website": null,
    "coordinates": {
      "latitude": 46.6059595,
      "longitude": 4.8829836
    }
  },
  {
    "name": "So Landes l Photovoltaïque l Borne de recharge l",
    "location": "16 Rte des Savonniers, 40180 Hinx, France",
    "country": "France",
    "region": "Nouvelle-Aquitaine",
    "total_hectares": 20.0,
    "vegetation_type": "Mixed grass",
    "contact_email": "",
    "contact_phone": "+33 6 32 94 56 49",
    "website": "https://www.solandes.fr/?utm_campaign=4272236357912883825&utm_medium=wix_google_business_profile&utm_source=google",
    "coordinates": {
      "latitude": 43.7075272,
      "longitude": -0.9344325
    }
  },
  {
    "name": "Centrale solaire SOL'R PARC CHARENTE",
    "location": "Unnamed Road, 16220 Rouzède, France",
    "country": "France",
    "region": "Nouvelle-Aquitaine",
    "total_hectares": 20.0,
    "vegetation_type": "Mixed grass",
    "contact_email": "",
    "contact_phone": null,
    "website": null,
    "coordinates": {
      "latitude": 45.7233622,
      "longitude": 0.5812359
    }
  },
  {
    "name": "Parc solaire de Mine d'Or",
    "location": "11600 Villanière, France",
    "country": "France",
    "region": "Occitanie",
    "total_hectares": 20.0,
    "vegetation_type": "Mixed grass",
    "contact_email": "",
    "contact_phone": null,
    "website": null,
    "coordinates": {
      "latitude": 43.3455068,
      "longitude": 2.3533683
    }
  },
  {
    "name": "Centrale solaire de la Petite Vicomté",
    "location": "62 D952, 49130 Les Ponts-de-Cé, France",
    "country": "France",
    "region": "Pays de la Loire",
    "total_hectares": 20.0,
    "vegetation_type": "Mixed grass",
    "contact_email": "",
    "contact_phone": null,
    "website": null,
    "coordinates": {
      "latitude": 47.4332368,
      "longitude": -0.476062
    }
  },
  {
    "name": "Parc de centrales photovoltaïques de la Colle des Mées",
    "location": "04190 Les Mées, France",
    "country": "France",
    "region": "Provence-Alpes-Côte d'Azur",
    "total_hectares": 100.0,
    "vegetation_type": "Mixed grass",
    "contact_email": "",
    "contact_phone": null,
    "website": null,
    "coordinates": {
      "latitude": 44.0161351,
      "longitude": 5.9923356
    }
  },
  {
    "name": "Parc solaire Laudun",
    "location": "3PP5+MR, 30290 Laudun-l'Ardoise, France",
    "country": "France",
    "region": "Hauts-de-France",
    "total_hectares": 20.0,
    "vegetation_type": "Mixed grass",
    "contact_email": "",
    "contact_phone": null,
    "website": null,
    "coordinates": {
      "latitude": 44.0867,
      "longitude": 4.7096
    }
  },
  {
    "name": "Parc Photovoltaïque SOL'R PARC Charente",
    "location": "V4HC+XM, 16230 Luxé, France",
    "country": "France",
    "region": "Nouvelle-Aquitaine",
    "total_hectares": 20.0,
    "vegetation_type": "Mixed grass",
    "contact_email": "",
    "contact_phone": null,
    "website": null,
    "coordinates": {
      "latitude": 45.8799375,
      "longitude": 0.1216875
    }
  },
  {
    "name": "Mon Parc Solaire",
    "location": "1 place saint Louis, 78550 Bazainville, France",
    "country": "France",
    "region": "Auvergne-Rhône-Alpes",
    "total_hectares": 20.0,
    "vegetation_type": "Mixed grass",
    "contact_email": "",
    "contact_phone": "+33 9 70 70 10 11",
    "website": "https://www.monparcsolaire.fr/",
    "coordinates": {
      "latitude": 48.8039634,
      "longitude": 1.6669132
    }
  },
  {
    "name": "Parc photovoltaïque Les Survoltés",
    "location": "30250 Aubais, France",
    "country": "France",
    "region": "Occitanie",
    "total_hectares": 20.0,
    "vegetation_type": "Mixed grass",
    "contact_email": "",
    "contact_phone": null,
    "website": "https://survoltes.fr/",
    "coordinates": {
      "latitude": 43.7466611,
      "longitude": 4.1436072
    }
  },
  {
    "name": "Parc photovoltaique de La Fare-les-Oliviers",
    "location": "13580 La Fare-les-Oliviers, France",
    "country": "France",
    "region": "Provence-Alpes-Côte d'Azur",
    "total_hectares": 20.0,
    "vegetation_type": "Mixed grass",
    "contact_email": "",
    "contact_phone": null,
    "website": null,
    "coordinates": {
      "latitude": 43.5453084,
      "longitude": 5.1827547
    }
  },
  {
    "name": "Parc solaire de La Mailleraie",
    "location": "PM3J+WQ, 24560 Faurilles, France",
    "country": "France",
    "region": "Nouvelle-Aquitaine",
    "total_hectares": 20.0,
    "vegetation_type": "Mixed grass",
    "contact_email": "",
    "contact_phone": null,
    "website": null,
    "coordinates": {
      "latitude": 44.7048422,
      "longitude": 0.6819238
    }
  },
  {
    "name": "Parc Solaire De La Fossette",
    "location": "13270 Fos-sur-Mer, France",
    "country": "France",
    "region": "Provence-Alpes-Côte d'Azur",
    "total_hectares": 20.0,
    "vegetation_type": "Mixed grass",
    "contact_email": "",
    "contact_phone": null,
    "website": null,
    "coordinates": {
      "latitude": 43.46788,
      "longitude": 4.892512
    }
  },
  {
    "name": "Parc solaire",
    "location": "CR 110, 34500 Béziers, France",
    "country": "France",
    "region": "Occitanie",
    "total_hectares": 20.0,
    "vegetation_type": "Mixed grass",
    "contact_email": "",
    "contact_phone": null,
    "website": null,
    "coordinates": {
      "latitude": 43.3443,
      "longitude": 3.141343
    }
  },
  {
    "name": "Bâtiment Gratuit, Île-de-France: hangar agricole, serre solaire, autoconsommation",
    "location": null,
    "country": "France",
    "region": "",
    "total_hectares": 20.0,
    "vegetation_type": "Mixed grass",
    "contact_email": "",
    "contact_phone": "+33 6 76 28 84 97",
    "website": "https://batiment-gratuit.fr/",
    "coordinates": {
      "latitude": 48.6807824,
      "longitude": 2.5026636
    }
  },
  {
    "name": "Centrale photovoltaïque de Crucey-Villages",
    "location": "La Françonnière, 28270 Crucey-Villages, France",
    "country": "France",
    "region": "Centre-Val de Loire",
    "total_hectares": 20.0,
    "vegetation_type": "Mixed grass",
    "contact_email": "",
    "contact_phone": "+33 2 37 48 21 72",
    "website": null,
    "coordinates": {
      "latitude": 48.6383808,
      "longitude": 1.1139816
    }
  },
  {
    "name": "Parc Solaire de Mézières-Lez-Cléry",
    "location": "45370 Mézières-lez-Cléry, France",
    "country": "France",
    "region": "Centre-Val de Loire",
    "total_hectares": 20.0,
    "vegetation_type": "Mixed grass",
    "contact_email": "",
    "contact_phone": null,
    "website": "https://www.valorem-energie.com/",
    "coordinates": {
      "latitude": 47.8141859,
      "longitude": 1.8350201
    }
  },
  {
    "name": "Parc solaire photovoltaïque",
    "location": "Les Rochettes, 39800 Picarreau, France",
    "country": "France",
    "region": "Bourgogne-Franche-Comté",
    "total_hectares": 20.0,
    "vegetation_type": "Mixed grass",
    "contact_email": "",
    "contact_phone": null,
    "website": null,
    "coordinates": {
      "latitude": 46.7449217,
      "longitude": 5.7512055
    }
  },
  {
    "name": "Centrale Solaire De Pascialone",
    "location": "20250 Poggio-di-Venaco, France",
    "country": "France",
    "region": "Corse",
    "total_hectares": 20.0,
    "vegetation_type": "Mixed grass",
    "contact_email": "",
    "contact_phone": null,
    "website": null,
    "coordinates": {
      "latitude": 42.2708646,
      "longitude": 9.2191326
    }
  },
  {
    "name": "Group France Eco Logis",
    "location": null,
    "country": "France",
    "region": "",
    "total_hectares": 20.0,
    "vegetation_type": "Mixed grass",
    "contact_email": "",
    "contact_phone": "+33 6 61 87 20 20",
    "website": "https://groupfranceecologis.com/",
    "coordinates": {
      "latitude": 43.5407596,
      "longitude": 5.0218235
    }
  },
  {
    "name": "Ferme Solaire",
    "location": "25 Av. Sainte-Victoire, 13100 Aix-en-Provence, France",
    "country": "France",
    "region": "Auvergne-Rhône-Alpes",
    "total_hectares": 20.0,
    "vegetation_type": "Mixed grass",
    "contact_email": "",
    "contact_phone": "+33 4 12 28 02 41",
    "website": "https://www.fermesolaire.fr/",
    "coordinates": {
      "latitude": 43.5320503,
      "longitude": 5.4533674
    }
  },
  {
    "name": "Parc photovoltaïque des Tonnelles à St Varent",
    "location": "Les Tonnelles, 79330 Saint-Varent, France",
    "country": "France",
    "region": "Auvergne-Rhône-Alpes",
    "total_hectares": 20.0,
    "vegetation_type": "Mixed grass",
    "contact_email": "",
    "contact_phone": null,
    "website": null,
    "coordinates": {
      "latitude": 46.8863262,
      "longitude": -0.2490153
    }
  },
  {
    "name": "Parc photovoltaique de Villegly",
    "location": "7CVG+Q5, 11600 Villegly, France",
    "country": "France",
    "region": "Occitanie",
    "total_hectares": 20.0,
    "vegetation_type": "Mixed grass",
    "contact_email": "",
    "contact_phone": null,
    "website": null,
    "coordinates": {
      "latitude": 43.294402,
      "longitude": 2.42541
    }
  },
  {
    "name": "Concept' Energy Panneaux Solaires et Photovoltaïque",
    "location": "846 Route de Castelnau sur Gupie, 33580 Saint-Vivien-de-Monségur, France",
    "country": "France",
    "region": "Auvergne-Rhône-Alpes",
    "total_hectares": 20.0,
    "vegetation_type": "Mixed grass",
    "contact_email": "",
    "contact_phone": "+33 5 54 13 02 46",
    "website": "https://www.conceptenergy33.fr/",
    "coordinates": {
      "latitude": 44.609081,
      "longitude": 0.114298
    }
  },
  {
    "name": "Parc solaire Lac de Longchamps",
    "location": "52100 Perthes, France",
    "country": "France",
    "region": "Grand Est",
    "total_hectares": 20.0,
    "vegetation_type": "Mixed grass",
    "contact_email": "",
    "contact_phone": null,
    "website": null,
    "coordinates": {
      "latitude": 48.6666854,
      "longitude": 4.7804234
    }
  },
  {
    "name": "Parc solaire",
    "location": "32550 Pavie, France",
    "country": "France",
    "region": "Occitanie",
    "total_hectares": 20.0,
    "vegetation_type": "Mixed grass",
    "contact_email": "",
    "contact_phone": null,
    "website": null,
    "coordinates": {
      "latitude": 43.6059951,
      "longitude": 0.6235486
    }
  },
  {
    "name": "Photovoltaïque 83 - CCPV83",
    "location": "951 Av. Alphonse Lavallée, 83210 La Farlède, France",
    "country": "France",
    "region": "Provence-Alpes-Côte d'Azur",
    "total_hectares": 20.0,
    "vegetation_type": "Mixed grass",
    "contact_email": "",
    "contact_phone": "+33 4 94 61 14 39",
    "website": "https://www.photovoltaique83.fr/",
    "coordinates": {
      "latitude": 43.1536067,
      "longitude": 6.0410417
    }
  },
  {
    "name": "Centrale solaire Les Mées",
    "location": "04700 Puimichel, France",
    "country": "France",
    "region": "Provence-Alpes-Côte d'Azur",
    "total_hectares": 20.0,
    "vegetation_type": "Mixed grass",
    "contact_email": "",
    "contact_phone": null,
    "website": "http://www.siemens.com/press/pool/de/events/2012/industry/industry-automation/2012-06-intersolar/backgrounder-solar-farm-en.pdf",
    "coordinates": {
      "latitude": 43.9663763,
      "longitude": 5.9816004
    }
  },
  {
    "name": "Solar Metz",
    "location": "13 Rue Dembour, 57000 Metz, France",
    "country": "France",
    "region": "Grand Est",
    "total_hectares": 20.0,
    "vegetation_type": "Mixed grass",
    "contact_email": "",
    "contact_phone": "+33 6 28 84 54 13",
    "website": "https://solarmetz.fr/",
    "coordinates": {
      "latitude": 49.10654,
      "longitude": 6.178518
    }
  },
  {
    "name": "France Solar",
    "location": "194 Av. de Strasbourg, 67170 Brumath, France",
    "country": "France",
    "region": "Grand Est",
    "total_hectares": 20.0,
    "vegetation_type": "Mixed grass",
    "contact_email": "",
    "contact_phone": "+33 3 88 24 41 59",
    "website": "https://france-solar.fr/",
    "coordinates": {
      "latitude": 48.7081352,
      "longitude": 7.7079214
    }
  },
  {
    "name": "WILLER JEROME",
    "location": "939 Chem. de Vermillere, 84160 Cadenet, France",
    "country": "France",
    "region": "Provence-Alpes-Côte d'Azur",
    "total_hectares": 20.0,
    "vegetation_type": "Mixed grass",
    "contact_email": "",
    "contact_phone": "+33 6 52 77 62 59",
    "website": null,
    "coordinates": {
      "latitude": 43.7429378,
      "longitude": 5.3573571
    }
  },
  {
    "name": "EnerVivo photovoltaïque",
    "location": "687 Rue du Moulin de Sémalen, 34000 Montpellier, France",
    "country": "France",
    "region": "Occitanie",
    "total_hectares": 20.0,
    "vegetation_type": "Mixed grass",
    "contact_email": "",
    "contact_phone": "+33 6 76 49 59 01",
    "website": "https://enervivo.fr/contact/",
    "coordinates": {
      "latitude": 43.6108648,
      "longitude": 3.8957322
    }
  },
  {
    "name": "French Solar Industry",
    "location": "362 Rue des Safranés, 13830 Roquefort-la-Bédoule, France",
    "country": "France",
    "region": "Provence-Alpes-Côte d'Azur",
    "total_hectares": 20.0,
    "vegetation_type": "Mixed grass",
    "contact_email": "",
    "contact_phone": "+33 9 80 80 38 24",
    "website": "https://www.frenchsolarindustry.fr/",
    "coordinates": {
      "latitude": 43.2578941,
      "longitude": 5.5873899
    }
  },
  {
    "name": "Arkolia",
    "location": "ZAC de PIOM, 536 Rue du Rajol, 34130 Mauguio, France",
    "country": "France",
    "region": "Occitanie",
    "total_hectares": 20.0,
    "vegetation_type": "Mixed grass",
    "contact_email": "",
    "contact_phone": "+33 4 67 40 47 03",
    "website": "http://www.arkolia.com/",
    "coordinates": {
      "latitude": 43.5847195,
      "longitude": 3.9430742
    }
  },
  {
    "name": "PRONERGIE PLUS",
    "location": "18 Av. De Plaisance, 47600 Nérac, France",
    "country": "France",
    "region": "Nouvelle-Aquitaine",
    "total_hectares": 20.0,
    "vegetation_type": "Mixed grass",
    "contact_email": "",
    "contact_phone": "+33 6 43 85 92 52",
    "website": "https://pronergie.plus/",
    "coordinates": {
      "latitude": 44.1406374,
      "longitude": 0.3426461
    }
  },
  {
    "name": "Enair France",
    "location": "16 Pagueres de Luz, 31800 Lodes, France",
    "country": "France",
    "region": "Occitanie",
    "total_hectares": 20.0,
    "vegetation_type": "Mixed grass",
    "contact_email": "",
    "contact_phone": "+33 7 83 18 25 72",
    "website": "https://enair-eolien-solaire.com/",
    "coordinates": {
      "latitude": 43.1732126,
      "longitude": 0.6817568
    }
  },
  {
    "name": "Vercors Solaire",
    "location": "70 Tarze, 38680 Saint-André-en-Royans, France",
    "country": "France",
    "region": "Auvergne-Rhône-Alpes",
    "total_hectares": 20.0,
    "vegetation_type": "Mixed grass",
    "contact_email": "",
    "contact_phone": "+33 7 55 62 49 94",
    "website": "http://www.vercors-solaire.fr/",
    "coordinates": {
      "latitude": 45.088825,
      "longitude": 5.331594
    }
  },
  {
    "name": "AgriSolarPV",
    "location": "34 Av. Clément Fayat, 32500 Fleurance, France",
    "country": "France",
    "region": "Occitanie",
    "total_hectares": 20.0,
    "vegetation_type": "Mixed grass",
    "contact_email": "",
    "contact_phone": "+33 6 74 68 84 72",
    "website": "https://www.agrisolarpv.com/",
    "coordinates": {
      "latitude": 43.8533213,
      "longitude": 0.6546433
    }
  },
  {
    "name": "Fermes solaires",
    "location": "225 Rue des Templiers, 59000 Lille, France",
    "country": "France",
    "region": "Hauts-de-France",
    "total_hectares": 20.0,
    "vegetation_type": "Mixed grass",
    "contact_email": "",
    "contact_phone": "+48 664 607 308",
    "website": null,
    "coordinates": {
      "latitude": 50.6337848,
      "longitude": 3.0217842
    }
  },
  {
    "name": "Sywell solar farm",
    "location": "Mears Ashby, Northampton NN6 0BW, United Kingdom",
    "country": "United Kingdom",
    "region": "England",
    "total_hectares": 25.0,
    "vegetation_type": "Mixed grass",
    "contact_email": "",
    "contact_phone": null,
    "website": null,
    "coordinates": {
      "latitude": 52.3044563,
      "longitude": -0.7774846
    }
  },
  {
    "name": "Cirencester Hybrid Solar Farm",
    "location": "Hybrid Solar Farm, Witpit Ln, Cirencester GL7 5PW, United Kingdom",
    "country": "United Kingdom",
    "region": "England",
    "total_hectares": 25.0,
    "vegetation_type": "Mixed grass",
    "contact_email": "",
    "contact_phone": null,
    "website": null,
    "coordinates": {
      "latitude": 51.710987,
      "longitude": -1.9299015
    }
  },
  {
    "name": "Hartwell Solar Farm",
    "location": "Stonepit Farm, Hanslope Road, Hartwell, United Kingdom",
    "country": "United Kingdom",
    "region": "England",
    "total_hectares": 25.0,
    "vegetation_type": "Mixed grass",
    "contact_email": "",
    "contact_phone": null,
    "website": null,
    "coordinates": {
      "latitude": 52.1335969,
      "longitude": -0.844297
    }
  },
  {
    "name": "Sandy Solar Panel Farm",
    "location": "1 Beamish Cl, Sandy SG19 1SD, United Kingdom",
    "country": "United Kingdom",
    "region": "England",
    "total_hectares": 25.0,
    "vegetation_type": "Mixed grass",
    "contact_email": "",
    "contact_phone": null,
    "website": null,
    "coordinates": {
      "latitude": 52.145019,
      "longitude": -0.2814864
    }
  },
  {
    "name": "Gretton Solar Farm",
    "location": "Alderton, Cheltenham GL54 5HJ, United Kingdom",
    "country": "United Kingdom",
    "region": "England",
    "total_hectares": 25.0,
    "vegetation_type": "Mixed grass",
    "contact_email": "",
    "contact_phone": null,
    "website": null,
    "coordinates": {
      "latitude": 51.9851061,
      "longitude": -2.0054937
    }
  },
  {
    "name": "Bilton-somerdon solar farm",
    "location": "319 Main Rd, Hull HU11 4DT, United Kingdom",
    "country": "United Kingdom",
    "region": "England",
    "total_hectares": 25.0,
    "vegetation_type": "Mixed grass",
    "contact_email": "",
    "contact_phone": "+44 7598 546038",
    "website": null,
    "coordinates": {
      "latitude": 53.7756902,
      "longitude": -0.2369192
    }
  },
  {
    "name": "Long meadow solar farm",
    "location": "Unnamed Road, Leighton Buzzard LU7, United Kingdom",
    "country": "United Kingdom",
    "region": "England",
    "total_hectares": 25.0,
    "vegetation_type": "Mixed grass",
    "contact_email": "",
    "contact_phone": null,
    "website": null,
    "coordinates": {
      "latitude": 51.8486635,
      "longitude": -0.6362627
    }
  },
  {
    "name": "Outwood Solar Farm",
    "location": "Outwood Farm Rd, Billericay CM11 2NA, United Kingdom",
    "country": "United Kingdom",
    "region": "England",
    "total_hectares": 25.0,
    "vegetation_type": "Mixed grass",
    "contact_email": "",
    "contact_phone": null,
    "website": null,
    "coordinates": {
      "latitude": 51.6184858,
      "longitude": 0.458157
    }
  },
  {
    "name": "Watnall Solar Farm",
    "location": "Nottingham NG16 1HY, United Kingdom",
    "country": "United Kingdom",
    "region": "England",
    "total_hectares": 25.0,
    "vegetation_type": "Mixed grass",
    "contact_email": "",
    "contact_phone": null,
    "website": null,
    "coordinates": {
      "latitude": 53.0208539,
      "longitude": -1.2442292
    }
  },
  {
    "name": "Atherstone Solar Farm",
    "location": "Mount Farm/Warton La, Atherstone CV9 3DT, United Kingdom",
    "country": "United Kingdom",
    "region": "England",
    "total_hectares": 25.0,
    "vegetation_type": "Mixed grass",
    "contact_email": "",
    "contact_phone": null,
    "website": null,
    "coordinates": {
      "latitude": 52.6105473,
      "longitude": -1.5624802
    }
  },
  {
    "name": "SantaPod Solar farm",
    "location": "Odell, Wellingborough NN29 7XA, United Kingdom",
    "country": "United Kingdom",
    "region": "England",
    "total_hectares": 25.0,
    "vegetation_type": "Mixed grass",
    "contact_email": "",
    "contact_phone": null,
    "website": null,
    "coordinates": {
      "latitude": 52.2363696,
      "longitude": -0.5954282
    }
  },
  {
    "name": "skeeby solar farm",
    "location": "Darlington Rd, Richmond DL10 7ED, United Kingdom",
    "country": "United Kingdom",
    "region": "England",
    "total_hectares": 25.0,
    "vegetation_type": "Mixed grass",
    "contact_email": "",
    "contact_phone": null,
    "website": null,
    "coordinates": {
      "latitude": 54.4123893,
      "longitude": -1.703373
    }
  },
  {
    "name": "Creswell Solar Farm",
    "location": "Elmton, Worksop S80 4HT, United Kingdom",
    "country": "United Kingdom",
    "region": "England",
    "total_hectares": 25.0,
    "vegetation_type": "Mixed grass",
    "contact_email": "",
    "contact_phone": null,
    "website": null,
    "coordinates": {
      "latitude": 53.2513671,
      "longitude": -1.2122469
    }
  },
  {
    "name": "Pressock Solar Farm",
    "location": "Forfar DD8 2SN, United Kingdom",
    "country": "United Kingdom",
    "region": "Scotland",
    "total_hectares": 25.0,
    "vegetation_type": "Mixed grass",
    "contact_email": "",
    "contact_phone": null,
    "website": null,
    "coordinates": {
      "latitude": 56.6355638,
      "longitude": -2.7060488
    }
  },
  {
    "name": "Raventhorpe Solar Farm",
    "location": "Solar farm, Second Cottage, Raventhorpe, Scunthorpe DN16 3RH, United Kingdom",
    "country": "United Kingdom",
    "region": "England",
    "total_hectares": 25.0,
    "vegetation_type": "Mixed grass",
    "contact_email": "",
    "contact_phone": null,
    "website": null,
    "coordinates": {
      "latitude": 53.5582859,
      "longitude": -0.5823751
    }
  },
  {
    "name": "Egmanton Solar Farm",
    "location": "Weston Rd, Newark NG22 0HH, United Kingdom",
    "country": "United Kingdom",
    "region": "England",
    "total_hectares": 25.0,
    "vegetation_type": "Mixed grass",
    "contact_email": "",
    "contact_phone": null,
    "website": null,
    "coordinates": {
      "latitude": 53.2110286,
      "longitude": -0.8799858
    }
  },
  {
    "name": "Solar Energy (UK) Ltd.",
    "location": "1 Wade House Ln, Drax, Selby YO8 8PN, United Kingdom",
    "country": "United Kingdom",
    "region": "England",
    "total_hectares": 25.0,
    "vegetation_type": "Mixed grass",
    "contact_email": "",
    "contact_phone": "+44 800 022 3330",
    "website": null,
    "coordinates": {
      "latitude": 53.7237739,
      "longitude": -0.9868363
    }
  },
  {
    "name": "Condover Solar Park",
    "location": "Condover, Shrewsbury SY5 7AN, United Kingdom",
    "country": "United Kingdom",
    "region": "England",
    "total_hectares": 25.0,
    "vegetation_type": "Mixed grass",
    "contact_email": "",
    "contact_phone": "+44 1942 718551",
    "website": "https://www.thesiriusgroup.com/projects/condover-solar/",
    "coordinates": {
      "latitude": 52.6553301,
      "longitude": -2.729382
    }
  },
  {
    "name": "Loch Craigs Solar Park",
    "location": "Stevenston KA20 4LB, United Kingdom",
    "country": "United Kingdom",
    "region": "Scotland",
    "total_hectares": 25.0,
    "vegetation_type": "Mixed grass",
    "contact_email": "",
    "contact_phone": null,
    "website": null,
    "coordinates": {
      "latitude": 55.656765,
      "longitude": -4.7377729
    }
  },
  {
    "name": "Toyota Deeside Solar Park",
    "location": "Unnamed Road, CH5, Deeside, United Kingdom",
    "country": "United Kingdom",
    "region": "England",
    "total_hectares": 25.0,
    "vegetation_type": "Mixed grass",
    "contact_email": "",
    "contact_phone": null,
    "website": null,
    "coordinates": {
      "latitude": 53.2282872,
      "longitude": -3.0247801
    }
  },
  {
    "name": "West Raynham Solar Farm",
    "location": "Fakenham NR21 7PL, United Kingdom",
    "country": "United Kingdom",
    "region": "England",
    "total_hectares": 25.0,
    "vegetation_type": "Mixed grass",
    "contact_email": "",
    "contact_phone": null,
    "website": null,
    "coordinates": {
      "latitude": 52.7874045,
      "longitude": 0.7421309
    }
  },
  {
    "name": "Aylesford Solar Park",
    "location": "Aylesford ME20 7FG, United Kingdom",
    "country": "United Kingdom",
    "region": "England",
    "total_hectares": 25.0,
    "vegetation_type": "Mixed grass",
    "contact_email": "",
    "contact_phone": null,
    "website": null,
    "coordinates": {
      "latitude": 51.310044,
      "longitude": 0.461014
    }
  },
  {
    "name": "Place Farm Solar Park",
    "location": "Kenardington, Ashford TN26 2LX, United Kingdom",
    "country": "United Kingdom",
    "region": "England",
    "total_hectares": 25.0,
    "vegetation_type": "Mixed grass",
    "contact_email": "",
    "contact_phone": null,
    "website": null,
    "coordinates": {
      "latitude": 51.063185,
      "longitude": 0.8125149
    }
  },
  {
    "name": "Gedling Solar Farm",
    "location": "Nottingham NG4 4PE, United Kingdom",
    "country": "United Kingdom",
    "region": "England",
    "total_hectares": 25.0,
    "vegetation_type": "Mixed grass",
    "contact_email": "",
    "contact_phone": null,
    "website": null,
    "coordinates": {
      "latitude": 52.9896406,
      "longitude": -1.079802
    }
  },
  {
    "name": "Shotwick Solar Park",
    "location": "A548, Deeside CH64 5SP, United Kingdom",
    "country": "United Kingdom",
    "region": "England",
    "total_hectares": 25.0,
    "vegetation_type": "Mixed grass",
    "contact_email": "",
    "contact_phone": "+44 20 3667 8100",
    "website": "https://www.comptongroup.com/shotwick-solar-park/",
    "coordinates": {
      "latitude": 53.2385404,
      "longitude": -3.0182895
    }
  },
  {
    "name": "Solar Park",
    "location": "Leighton Buzzard LU7 9NE, United Kingdom",
    "country": "United Kingdom",
    "region": "England",
    "total_hectares": 25.0,
    "vegetation_type": "Mixed grass",
    "contact_email": "",
    "contact_phone": null,
    "website": null,
    "coordinates": {
      "latitude": 51.9251368,
      "longitude": -0.6033745
    }
  },
  {
    "name": "Recycle Solar Technologies Limited",
    "location": "Woodhouse Road, Scunthorpe DN16 1BD, United Kingdom",
    "country": "United Kingdom",
    "region": "England",
    "total_hectares": 25.0,
    "vegetation_type": "Mixed grass",
    "contact_email": "",
    "contact_phone": "+44 1724 304305",
    "website": "https://www.recyclesolar.co.uk/",
    "coordinates": {
      "latitude": 53.5740221,
      "longitude": -0.6253222
    }
  },
  {
    "name": "Mount Pleasant Solar Park",
    "location": "Standard Rd, Buckley CH7 3LY, United Kingdom",
    "country": "United Kingdom",
    "region": "England",
    "total_hectares": 25.0,
    "vegetation_type": "Mixed grass",
    "contact_email": "",
    "contact_phone": null,
    "website": null,
    "coordinates": {
      "latitude": 53.1775239,
      "longitude": -3.063312
    }
  },
  {
    "name": "South Farm Solar Park",
    "location": "Louse Ln, Spetisbury, Blandford Forum DT11 9EJ, United Kingdom",
    "country": "United Kingdom",
    "region": "England",
    "total_hectares": 25.0,
    "vegetation_type": "Mixed grass",
    "contact_email": "",
    "contact_phone": null,
    "website": null,
    "coordinates": {
      "latitude": 50.8069403,
      "longitude": -2.1359295
    }
  },
  {
    "name": "Wessex Solar Energy",
    "location": "Barmoor Farm House, Hepscott, Morpeth NE61 6LB, United Kingdom",
    "country": "United Kingdom",
    "region": "England",
    "total_hectares": 25.0,
    "vegetation_type": "Mixed grass",
    "contact_email": "",
    "contact_phone": "+44 345 222 5615",
    "website": "http://wessexsolarenergy.com/",
    "coordinates": {
      "latitude": 55.1513961,
      "longitude": -1.6671398
    }
  },
  {
    "name": "Wilbees Solar park",
    "location": "Unnamed Road, Polegate BN26 6SA, United Kingdom",
    "country": "United Kingdom",
    "region": "England",
    "total_hectares": 25.0,
    "vegetation_type": "Mixed grass",
    "contact_email": "",
    "contact_phone": null,
    "website": null,
    "coordinates": {
      "latitude": 50.839329,
      "longitude": 0.185973
    }
  },
  {
    "name": "Solar Shack",
    "location": "Unit 17 Green Lane Workspace, N Seaton Rd, Ashington NE63 0EF, United Kingdom",
    "country": "United Kingdom",
    "region": "England",
    "total_hectares": 25.0,
    "vegetation_type": "Mixed grass",
    "contact_email": "",
    "contact_phone": "+44 7479 351951",
    "website": "http://www.solarshack.co.uk/",
    "coordinates": {
      "latitude": 55.1756951,
      "longitude": -1.5681097
    }
  },
  {
    "name": "Solar Farm",
    "location": "Hurstbourne Priors, Whitchurch RG28 7RF, United Kingdom",
    "country": "United Kingdom",
    "region": "England",
    "total_hectares": 25.0,
    "vegetation_type": "Mixed grass",
    "contact_email": "",
    "contact_phone": null,
    "website": null,
    "coordinates": {
      "latitude": 51.2202701,
      "longitude": -1.3445424
    }
  },
  {
    "name": "Marsh House Solar Park",
    "location": "Bentley, Farnham GU10 5EF, United Kingdom",
    "country": "United Kingdom",
    "region": "England",
    "total_hectares": 25.0,
    "vegetation_type": "Mixed grass",
    "contact_email": "",
    "contact_phone": null,
    "website": null,
    "coordinates": {
      "latitude": 51.2054821,
      "longitude": -0.8486751
    }
  },
  {
    "name": "Bradley Road Solar Park",
    "location": "Southwick, Trowbridge BA14 9RH, United Kingdom",
    "country": "United Kingdom",
    "region": "England",
    "total_hectares": 25.0,
    "vegetation_type": "Mixed grass",
    "contact_email": "",
    "contact_phone": "+44 1670 517888",
    "website": "http://wessexsolarenergy.com/our-solar-farms/bradley-road",
    "coordinates": {
      "latitude": 51.2921174,
      "longitude": -2.2220093
    }
  },
  {
    "name": "Solar Park - Woodhall Farm - Lower Broadheath",
    "location": "Worcester, UK",
    "country": "United Kingdom",
    "region": "England",
    "total_hectares": 25.0,
    "vegetation_type": "Mixed grass",
    "contact_email": "",
    "contact_phone": null,
    "website": null,
    "coordinates": {
      "latitude": 52.2183737,
      "longitude": -2.3150181
    }
  },
  {
    "name": "Blue House Solar Farm",
    "location": "JPMJ+H8, Billingham TS22 5PH, United Kingdom",
    "country": "United Kingdom",
    "region": "England",
    "total_hectares": 25.0,
    "vegetation_type": "Mixed grass",
    "contact_email": "",
    "contact_phone": null,
    "website": null,
    "coordinates": {
      "latitude": 54.6338154,
      "longitude": -1.2691514
    }
  },
  {
    "name": "Malmaynes Solar Park",
    "location": "Malmaynes Hall Rd, Rochester ME3 9QU, United Kingdom",
    "country": "United Kingdom",
    "region": "England",
    "total_hectares": 25.0,
    "vegetation_type": "Mixed grass",
    "contact_email": "",
    "contact_phone": null,
    "website": null,
    "coordinates": {
      "latitude": 51.4486741,
      "longitude": 0.6129251
    }
  },
  {
    "name": "Aspatria Solar Farm",
    "location": "Unnamed Rd,Wigton, Aspatria CA7 3JU, United Kingdom",
    "country": "United Kingdom",
    "region": "England",
    "total_hectares": 25.0,
    "vegetation_type": "Mixed grass",
    "contact_email": "",
    "contact_phone": null,
    "website": null,
    "coordinates": {
      "latitude": 54.7784868,
      "longitude": -3.3247361
    }
  },
  {
    "name": "Solar Power Park",
    "location": "Junction of Martineau Lane and A146, opposite, Arnold Miller Rd, Norwich NR1 2HX, United Kingdom",
    "country": "United Kingdom",
    "region": "England",
    "total_hectares": 25.0,
    "vegetation_type": "Mixed grass",
    "contact_email": "",
    "contact_phone": null,
    "website": null,
    "coordinates": {
      "latitude": 52.6110293,
      "longitude": 1.3071021
    }
  },
  {
    "name": "Bristol Solar Energy Farm",
    "location": "Aztec West Business Park, 1550, Park Ave, Bristol BS32 4RX, United Kingdom",
    "country": "United Kingdom",
    "region": "England",
    "total_hectares": 25.0,
    "vegetation_type": "Mixed grass",
    "contact_email": "",
    "contact_phone": null,
    "website": null,
    "coordinates": {
      "latitude": 51.5458225,
      "longitude": -2.5774718
    }
  },
  {
    "name": "Severn Beach Solar Farm",
    "location": "Severn Beach, Bristol BS35 4NL, United Kingdom",
    "country": "United Kingdom",
    "region": "England",
    "total_hectares": 25.0,
    "vegetation_type": "Mixed grass",
    "contact_email": "",
    "contact_phone": null,
    "website": null,
    "coordinates": {
      "latitude": 51.5588652,
      "longitude": -2.655562
    }
  },
  {
    "name": "Larks Green Solar Farm and BESS",
    "location": "Lower Farm, Itchington, Bristol BS35 3TH, United Kingdom",
    "country": "United Kingdom",
    "region": "England",
    "total_hectares": 25.0,
    "vegetation_type": "Mixed grass",
    "contact_email": "",
    "contact_phone": null,
    "website": null,
    "coordinates": {
      "latitude": 51.5807783,
      "longitude": -2.4909494
    }
  },
  {
    "name": "Trecastle Solar Farm",
    "location": "Llanharry, Pontyclun CF72 9EZ, United Kingdom",
    "country": "United Kingdom",
    "region": "Wales",
    "total_hectares": 25.0,
    "vegetation_type": "Mixed grass",
    "contact_email": "",
    "contact_phone": null,
    "website": null,
    "coordinates": {
      "latitude": 51.5241465,
      "longitude": -3.4100603
    }
  },
  {
    "name": "Hendrefawr Solar Farm",
    "location": "Aberdare CF44 9RJ, United Kingdom",
    "country": "United Kingdom",
    "region": "Wales",
    "total_hectares": 25.0,
    "vegetation_type": "Mixed grass",
    "contact_email": "",
    "contact_phone": null,
    "website": null,
    "coordinates": {
      "latitude": 51.7415411,
      "longitude": -3.5834118
    }
  },
  {
    "name": "Poulshot Solar Farm",
    "location": "Poulshot, Devizes SN10 1RS, United Kingdom",
    "country": "United Kingdom",
    "region": "England",
    "total_hectares": 25.0,
    "vegetation_type": "Mixed grass",
    "contact_email": "",
    "contact_phone": null,
    "website": null,
    "coordinates": {
      "latitude": 51.3453498,
      "longitude": -2.0555764
    }
  },
  {
    "name": "PV solar farm",
    "location": "2C8J+F2, Yeovil BA22 7NB, United Kingdom",
    "country": "United Kingdom",
    "region": "England",
    "total_hectares": 25.0,
    "vegetation_type": "Mixed grass",
    "contact_email": "",
    "contact_phone": null,
    "website": null,
    "coordinates": {
      "latitude": 51.0160493,
      "longitude": -2.5699029
    }
  },
  {
    "name": "Fuse Energy Bullous Solar Park",
    "location": "Two Post Ln, Okehampton EX17 5AY, United Kingdom",
    "country": "United Kingdom",
    "region": "England",
    "total_hectares": 25.0,
    "vegetation_type": "Mixed grass",
    "contact_email": "",
    "contact_phone": null,
    "website": null,
    "coordinates": {
      "latitude": 50.7506461,
      "longitude": -3.8807502
    }
  },
  {
    "name": "Oaklands Solar Farm",
    "location": "Unnamed Road, Wareham BH20 7PA, United Kingdom",
    "country": "United Kingdom",
    "region": "England",
    "total_hectares": 25.0,
    "vegetation_type": "Mixed grass",
    "contact_email": "",
    "contact_phone": null,
    "website": null,
    "coordinates": {
      "latitude": 50.7096051,
      "longitude": -2.1424784
    }
  },
  {
    "name": "NorthFarm Solar Farm",
    "location": "Spetisbury, Blandford Forum DT11 9AG, United Kingdom",
    "country": "United Kingdom",
    "region": "England",
    "total_hectares": 25.0,
    "vegetation_type": "Mixed grass",
    "contact_email": "",
    "contact_phone": null,
    "website": null,
    "coordinates": {
      "latitude": 50.8104373,
      "longitude": -2.1720064
    }
  },
  {
    "name": "Wick Solar Farm",
    "location": "Wick Rd, Weston-super-Mare BS24 0HD, United Kingdom",
    "country": "United Kingdom",
    "region": "England",
    "total_hectares": 25.0,
    "vegetation_type": "Mixed grass",
    "contact_email": "",
    "contact_phone": null,
    "website": null,
    "coordinates": {
      "latitude": 51.2855175,
      "longitude": -2.9790638
    }
  },
  {
    "name": "Holly Solar Farm",
    "location": "Owermoigne, Dorchester DT2 8HZ, United Kingdom",
    "country": "United Kingdom",
    "region": "England",
    "total_hectares": 25.0,
    "vegetation_type": "Mixed grass",
    "contact_email": "",
    "contact_phone": null,
    "website": null,
    "coordinates": {
      "latitude": 50.6797222,
      "longitude": -2.3204964
    }
  },
  {
    "name": "Clifton Solar Farm",
    "location": "Clifton Maybank, Yeovil BA22 9UZ, United Kingdom",
    "country": "United Kingdom",
    "region": "England",
    "total_hectares": 25.0,
    "vegetation_type": "Mixed grass",
    "contact_email": "",
    "contact_phone": null,
    "website": null,
    "coordinates": {
      "latitude": 50.9126192,
      "longitude": -2.5964125
    }
  },
  {
    "name": "Keele’s Low Carbon Energy Generation Park",
    "location": "Newcastle ST5 5BN, United Kingdom",
    "country": "United Kingdom",
    "region": "England",
    "total_hectares": 25.0,
    "vegetation_type": "Mixed grass",
    "contact_email": "",
    "contact_phone": null,
    "website": "https://www.keele.ac.uk/about/sustainability/ouroperations/energyandcarbon/lowcarbonenergygenerationpark/",
    "coordinates": {
      "latitude": 52.9979337,
      "longitude": -2.2592146
    }
  },
  {
    "name": "Solar Polar Limited",
    "location": "11 Holkham Rd, Orton Southgate, Peterborough PE2 6TE, United Kingdom",
    "country": "United Kingdom",
    "region": "England",
    "total_hectares": 25.0,
    "vegetation_type": "Mixed grass",
    "contact_email": "",
    "contact_phone": "+44 1733 813166",
    "website": "http://solar-polar.co.uk/",
    "coordinates": {
      "latitude": 52.5405765,
      "longitude": -0.3067475
    }
  },
  {
    "name": "Green Energy Parks Limited",
    "location": "Eco Innovation Centre, City Rd, Peterborough PE1 1SA, United Kingdom",
    "country": "United Kingdom",
    "region": "England",
    "total_hectares": 25.0,
    "vegetation_type": "Mixed grass",
    "contact_email": "",
    "contact_phone": "+44 1733 348468",
    "website": "http://www.greenenergyparks.co.uk/",
    "coordinates": {
      "latitude": 52.5740649,
      "longitude": -0.2402051
    }
  },
  {
    "name": "UK Eco Energy Solutions Ltd",
    "location": "Unit 1a, Kingsley Court, Kingsley Rd, Lincoln LN6 3TA, United Kingdom",
    "country": "United Kingdom",
    "region": "England",
    "total_hectares": 25.0,
    "vegetation_type": "Mixed grass",
    "contact_email": "",
    "contact_phone": "+44 1522 700281",
    "website": "https://www.ukecoenergy.com/",
    "coordinates": {
      "latitude": 53.2025366,
      "longitude": -0.6148
    }
  },
  {
    "name": "Project Solar UK",
    "location": "Unit 1, Lakes Court, Lancaster Business Park, Burton-on-Trent DE13 9PD, United Kingdom",
    "country": "United Kingdom",
    "region": "England",
    "total_hectares": 25.0,
    "vegetation_type": "Mixed grass",
    "contact_email": "",
    "contact_phone": "+44 800 112 3110",
    "website": "https://www.projectsolaruk.com/",
    "coordinates": {
      "latitude": 52.8204801,
      "longitude": -1.7653263
    }
  },
  {
    "name": "Solarpark Steinach",
    "location": "94377 Steinach, Deutschland",
    "country": "Germany",
    "region": "Bayern",
    "total_hectares": 22.0,
    "vegetation_type": "Mixed grass",
    "contact_email": "",
    "contact_phone": null,
    "website": null,
    "coordinates": {
      "latitude": 48.9392694,
      "longitude": 12.6400546
    }
  },
  {
    "name": "Solarpark Schrobenhausen",
    "location": "86529 Schrobenhausen, Deutschland",
    "country": "Germany",
    "region": "Bayern",
    "total_hectares": 22.0,
    "vegetation_type": "Mixed grass",
    "contact_email": "",
    "contact_phone": null,
    "website": null,
    "coordinates": {
      "latitude": 48.5802426,
      "longitude": 11.2519035
    }
  },
  {
    "name": "Solarpark Mutlanger Heide",
    "location": "Weißdornweg 9, 73557 Mutlangen, Deutschland",
    "country": "Germany",
    "region": "Baden-Württemberg",
    "total_hectares": 22.0,
    "vegetation_type": "Mixed grass",
    "contact_email": "",
    "contact_phone": null,
    "website": "https://www.stwgd.de/solarpark-mutlanger-heide.html",
    "coordinates": {
      "latitude": 48.8125616,
      "longitude": 9.8049421
    }
  },
  {
    "name": "Solarpark",
    "location": "94327 Bogen, Deutschland",
    "country": "Germany",
    "region": "Bayern",
    "total_hectares": 22.0,
    "vegetation_type": "Mixed grass",
    "contact_email": "",
    "contact_phone": null,
    "website": null,
    "coordinates": {
      "latitude": 48.927456,
      "longitude": 12.6969593
    }
  },
  {
    "name": "Solarpark",
    "location": "94559 Niederwinkling, Deutschland",
    "country": "Germany",
    "region": "Bayern",
    "total_hectares": 22.0,
    "vegetation_type": "Mixed grass",
    "contact_email": "",
    "contact_phone": null,
    "website": null,
    "coordinates": {
      "latitude": 48.8806585,
      "longitude": 12.8323117
    }
  },
  {
    "name": "Solarpark",
    "location": "A93, 93354 Siegenburg, Deutschland",
    "country": "Germany",
    "region": "Bayern",
    "total_hectares": 22.0,
    "vegetation_type": "Mixed grass",
    "contact_email": "",
    "contact_phone": null,
    "website": null,
    "coordinates": {
      "latitude": 48.7625615,
      "longitude": 11.8815889
    }
  },
  {
    "name": "Solarpark",
    "location": "84079 Bruckberg, Deutschland",
    "country": "Germany",
    "region": "Bayern",
    "total_hectares": 22.0,
    "vegetation_type": "Mixed grass",
    "contact_email": "",
    "contact_phone": null,
    "website": null,
    "coordinates": {
      "latitude": 48.5110612,
      "longitude": 11.9830656
    }
  },
  {
    "name": "Solarpark Riedenburg",
    "location": "Katzensteig, 93339 Riedenburg, Deutschland",
    "country": "Germany",
    "region": "Bayern",
    "total_hectares": 15.0,
    "vegetation_type": "Mixed grass",
    "contact_email": "",
    "contact_phone": null,
    "website": null,
    "coordinates": {
      "latitude": 48.9703797,
      "longitude": 11.6705119
    }
  },
  {
    "name": "Solarpark Wolnzach",
    "location": "85283 Wolnzach, Deutschland",
    "country": "Germany",
    "region": "Bayern",
    "total_hectares": 22.0,
    "vegetation_type": "Mixed grass",
    "contact_email": "",
    "contact_phone": null,
    "website": null,
    "coordinates": {
      "latitude": 48.6089143,
      "longitude": 11.668451
    }
  },
  {
    "name": "Solarpark Wang",
    "location": "85368 Wang, Deutschland",
    "country": "Germany",
    "region": "Bayern",
    "total_hectares": 22.0,
    "vegetation_type": "Mixed grass",
    "contact_email": "",
    "contact_phone": null,
    "website": null,
    "coordinates": {
      "latitude": 48.4942845,
      "longitude": 12.0046242
    }
  },
  {
    "name": "Solarpark Bavaria",
    "location": "92360 Mühlhausen, Deutschland",
    "country": "Germany",
    "region": "Bayern",
    "total_hectares": 22.0,
    "vegetation_type": "Mixed grass",
    "contact_email": "",
    "contact_phone": null,
    "website": null,
    "coordinates": {
      "latitude": 49.1588756,
      "longitude": 11.43399
    }
  },
  {
    "name": "Solarpark",
    "location": "84030 Ergolding",
    "country": "Germany",
    "region": "Bayern",
    "total_hectares": 22.0,
    "vegetation_type": "Mixed grass",
    "contact_email": "",
    "contact_phone": null,
    "website": null,
    "coordinates": {
      "latitude": 48.5775142,
      "longitude": 12.1467932
    }
  },
  {
    "name": "Solarpark",
    "location": "84061 Ergoldsbach, Deutschland",
    "country": "Germany",
    "region": "Bayern",
    "total_hectares": 22.0,
    "vegetation_type": "Mixed grass",
    "contact_email": "",
    "contact_phone": null,
    "website": null,
    "coordinates": {
      "latitude": 48.6761108,
      "longitude": 12.1962367
    }
  },
  {
    "name": "Solarpark",
    "location": "E53, Deutschland",
    "country": "Germany",
    "region": "",
    "total_hectares": 22.0,
    "vegetation_type": "Mixed grass",
    "contact_email": "",
    "contact_phone": null,
    "website": null,
    "coordinates": {
      "latitude": 48.6392958,
      "longitude": 12.3841949
    }
  },
  {
    "name": "Solarpark",
    "location": "94522 Wallersdorf",
    "country": "Germany",
    "region": "Bayern",
    "total_hectares": 22.0,
    "vegetation_type": "Mixed grass",
    "contact_email": "",
    "contact_phone": null,
    "website": null,
    "coordinates": {
      "latitude": 48.7289472,
      "longitude": 12.7310187
    }
  },
  {
    "name": "Solarpark",
    "location": "94209 Regen, Deutschland",
    "country": "Germany",
    "region": "Bayern",
    "total_hectares": 22.0,
    "vegetation_type": "Mixed grass",
    "contact_email": "",
    "contact_phone": null,
    "website": null,
    "coordinates": {
      "latitude": 48.9698652,
      "longitude": 13.0539314
    }
  },
  {
    "name": "Solarpark",
    "location": "94527 Aholming, Deutschland",
    "country": "Germany",
    "region": "Bayern",
    "total_hectares": 22.0,
    "vegetation_type": "Mixed grass",
    "contact_email": "",
    "contact_phone": null,
    "website": "https://www.bmz.de/de/themen/energie/erneuerbare-energien",
    "coordinates": {
      "latitude": 48.7503781,
      "longitude": 12.8771953
    }
  },
  {
    "name": "Solarpark",
    "location": "94522 Wallersdorf, Deutschland",
    "country": "Germany",
    "region": "Bayern",
    "total_hectares": 22.0,
    "vegetation_type": "Mixed grass",
    "contact_email": "",
    "contact_phone": null,
    "website": null,
    "coordinates": {
      "latitude": 48.7348895,
      "longitude": 12.7338854
    }
  },
  {
    "name": "Solarpark Schwarzach",
    "location": "94374 Schwarzach, Deutschland",
    "country": "Germany",
    "region": "Bayern",
    "total_hectares": 22.0,
    "vegetation_type": "Mixed grass",
    "contact_email": "",
    "contact_phone": null,
    "website": null,
    "coordinates": {
      "latitude": 48.8960365,
      "longitude": 12.8139304
    }
  },
  {
    "name": "Fotovoltaik-Solarstromanalage",
    "location": "Montfortstraße 4, 94560 Offenberg, Deutschland",
    "country": "Germany",
    "region": "Bayern",
    "total_hectares": 22.0,
    "vegetation_type": "Mixed grass",
    "contact_email": "",
    "contact_phone": null,
    "website": null,
    "coordinates": {
      "latitude": 48.8649295,
      "longitude": 12.8854019
    }
  },
  {
    "name": "Fotovoltaik-Solarstromanalage",
    "location": "Sandbankstraße 4, 94560 Offenberg, Deutschland",
    "country": "Germany",
    "region": "Bayern",
    "total_hectares": 22.0,
    "vegetation_type": "Mixed grass",
    "contact_email": "",
    "contact_phone": null,
    "website": null,
    "coordinates": {
      "latitude": 48.8659791,
      "longitude": 12.8951384
    }
  },
  {
    "name": "Fotovoltaik-Solarstromanalage",
    "location": "Weiherfeldstraße 4, 94560 Offenberg, Deutschland",
    "country": "Germany",
    "region": "Bayern",
    "total_hectares": 22.0,
    "vegetation_type": "Mixed grass",
    "contact_email": "",
    "contact_phone": null,
    "website": null,
    "coordinates": {
      "latitude": 48.8612723,
      "longitude": 12.8974007
    }
  },
  {
    "name": "Fotovoltaik-Solarstromanalage",
    "location": "Eichthalstraße 3, 94560 Offenberg, Deutschland",
    "country": "Germany",
    "region": "Bayern",
    "total_hectares": 22.0,
    "vegetation_type": "Mixed grass",
    "contact_email": "",
    "contact_phone": null,
    "website": null,
    "coordinates": {
      "latitude": 48.8636359,
      "longitude": 12.8890482
    }
  },
  {
    "name": "Fotovoltaik-Solarstromanalage",
    "location": "Steinbühler Weg 8, 94560 Offenberg, Deutschland",
    "country": "Germany",
    "region": "Bayern",
    "total_hectares": 22.0,
    "vegetation_type": "Mixed grass",
    "contact_email": "",
    "contact_phone": null,
    "website": null,
    "coordinates": {
      "latitude": 48.8835028,
      "longitude": 12.8979291
    }
  },
  {
    "name": "Fotovoltaik-Solarstromanalage",
    "location": "Harthamer Str. 15, 94560 Offenberg, Deutschland",
    "country": "Germany",
    "region": "Bayern",
    "total_hectares": 22.0,
    "vegetation_type": "Mixed grass",
    "contact_email": "",
    "contact_phone": null,
    "website": null,
    "coordinates": {
      "latitude": 48.8737833,
      "longitude": 12.8522626
    }
  },
  {
    "name": "Fotovoltaik-Solarstromanalage",
    "location": "Buchenweg 6, 94560 Offenberg, Deutschland",
    "country": "Germany",
    "region": "Bayern",
    "total_hectares": 22.0,
    "vegetation_type": "Mixed grass",
    "contact_email": "",
    "contact_phone": null,
    "website": null,
    "coordinates": {
      "latitude": 48.8677642,
      "longitude": 12.8910584
    }
  },
  {
    "name": "Fotovoltaik-Solarstromanalage",
    "location": "Am Weiherfeld 1, 94560 Offenberg, Deutschland",
    "country": "Germany",
    "region": "Bayern",
    "total_hectares": 22.0,
    "vegetation_type": "Mixed grass",
    "contact_email": "",
    "contact_phone": null,
    "website": null,
    "coordinates": {
      "latitude": 48.8612831,
      "longitude": 12.8949716
    }
  },
  {
    "name": "Fotovoltaik-Solarstromanalage",
    "location": "Hundshauser Str. 1, 94560 Offenberg",
    "country": "Germany",
    "region": "Bayern",
    "total_hectares": 22.0,
    "vegetation_type": "Mixed grass",
    "contact_email": "",
    "contact_phone": null,
    "website": null,
    "coordinates": {
      "latitude": 48.8663891,
      "longitude": 12.8964101
    }
  },
  {
    "name": "Fotovoltaik-Solastromanlage",
    "location": "Kothrettenbach 13, 93499 Zandt, Deutschland",
    "country": "Germany",
    "region": "Bayern",
    "total_hectares": 22.0,
    "vegetation_type": "Mixed grass",
    "contact_email": "",
    "contact_phone": null,
    "website": null,
    "coordinates": {
      "latitude": 49.1205457,
      "longitude": 12.727122
    }
  },
  {
    "name": "Fotovoltaik-Solastromanlage",
    "location": "Schwarzenbühl 1, 93468 Miltach, Deutschland",
    "country": "Germany",
    "region": "Bayern",
    "total_hectares": 22.0,
    "vegetation_type": "Mixed grass",
    "contact_email": "",
    "contact_phone": null,
    "website": null,
    "coordinates": {
      "latitude": 49.1215924,
      "longitude": 12.7375005
    }
  },
  {
    "name": "Fotovoltaik-Solastromanlage",
    "location": "Oberbühl 3, 93455 Traitsching, Deutschland",
    "country": "Germany",
    "region": "Bayern",
    "total_hectares": 22.0,
    "vegetation_type": "Mixed grass",
    "contact_email": "",
    "contact_phone": null,
    "website": null,
    "coordinates": {
      "latitude": 49.1174392,
      "longitude": 12.651652
    }
  },
  {
    "name": "Fotovoltaik-Solastromanlage",
    "location": "Hagendorf 11, 93455 Traitsching, Deutschland",
    "country": "Germany",
    "region": "Bayern",
    "total_hectares": 22.0,
    "vegetation_type": "Mixed grass",
    "contact_email": "",
    "contact_phone": null,
    "website": null,
    "coordinates": {
      "latitude": 49.1185805,
      "longitude": 12.6599759
    }
  },
  {
    "name": "Walddrehna Solar Park",
    "location": "Unnamed Road, 15926 Heideblick, Deutschland",
    "country": "Germany",
    "region": "Berlin",
    "total_hectares": 22.0,
    "vegetation_type": "Mixed grass",
    "contact_email": "",
    "contact_phone": null,
    "website": null,
    "coordinates": {
      "latitude": 51.7734017,
      "longitude": 13.600577
    }
  },
  {
    "name": "Fotovoltaik-Solastromanlage",
    "location": "Hagendorf 4, 93455 Traitsching, Deutschland",
    "country": "Germany",
    "region": "Bayern",
    "total_hectares": 22.0,
    "vegetation_type": "Mixed grass",
    "contact_email": "",
    "contact_phone": null,
    "website": null,
    "coordinates": {
      "latitude": 49.1170178,
      "longitude": 12.6608603
    }
  },
  {
    "name": "Hagenhöhe Solar Farm",
    "location": "PJRX+JQ, 91281 Kirchenthumbach, Deutschland",
    "country": "Germany",
    "region": "Bayern",
    "total_hectares": 22.0,
    "vegetation_type": "Mixed grass",
    "contact_email": "",
    "contact_phone": null,
    "website": null,
    "coordinates": {
      "latitude": 49.7409598,
      "longitude": 11.6503269
    }
  },
  {
    "name": "Solarpark",
    "location": "84152 Mengkofen, Deutschland",
    "country": "Germany",
    "region": "Bayern",
    "total_hectares": 22.0,
    "vegetation_type": "Mixed grass",
    "contact_email": "",
    "contact_phone": null,
    "website": null,
    "coordinates": {
      "latitude": 48.7007355,
      "longitude": 12.385486
    }
  },
  {
    "name": "Solarpark",
    "location": "94342 Straßkirchen, Deutschland",
    "country": "Germany",
    "region": "Bayern",
    "total_hectares": 22.0,
    "vegetation_type": "Mixed grass",
    "contact_email": "",
    "contact_phone": null,
    "website": null,
    "coordinates": {
      "latitude": 48.8089334,
      "longitude": 12.7553861
    }
  },
  {
    "name": "Fotovoltaik-Solastromanlage",
    "location": "Haschabühl 1, 93455 Traitsching",
    "country": "Germany",
    "region": "Bayern",
    "total_hectares": 22.0,
    "vegetation_type": "Mixed grass",
    "contact_email": "",
    "contact_phone": null,
    "website": null,
    "coordinates": {
      "latitude": 49.1167088,
      "longitude": 12.6791454
    }
  },
  {
    "name": "Solar Park Werneuchen Nord",
    "location": "16356 Werneuchen, Deutschland",
    "country": "Germany",
    "region": "Berlin",
    "total_hectares": 22.0,
    "vegetation_type": "Mixed grass",
    "contact_email": "",
    "contact_phone": null,
    "website": null,
    "coordinates": {
      "latitude": 52.6431952,
      "longitude": 13.7547341
    }
  },
  {
    "name": "Solarpark Dallgow-Döberitz",
    "location": "14624 Dallgow-Döberitz, Deutschland",
    "country": "Germany",
    "region": "Berlin",
    "total_hectares": 22.0,
    "vegetation_type": "Mixed grass",
    "contact_email": "",
    "contact_phone": null,
    "website": null,
    "coordinates": {
      "latitude": 52.5335157,
      "longitude": 13.115886
    }
  },
  {
    "name": "Solar-Park Pentling",
    "location": "Kohlenschacht, 93080 Pentling",
    "country": "Germany",
    "region": "Bayern",
    "total_hectares": 22.0,
    "vegetation_type": "Sheep grazing",
    "contact_email": "",
    "contact_phone": null,
    "website": "http://www.fronteris.de/",
    "coordinates": {
      "latitude": 48.9993111,
      "longitude": 12.0550288
    }
  },
  {
    "name": "Solarpark Perleberg (Flugplatz)",
    "location": "19348 Perleberg, Deutschland",
    "country": "Germany",
    "region": "Berlin",
    "total_hectares": 22.0,
    "vegetation_type": "Mixed grass",
    "contact_email": "",
    "contact_phone": null,
    "website": null,
    "coordinates": {
      "latitude": 53.0687549,
      "longitude": 11.8143154
    }
  },
  {
    "name": "Solarpark Lieberose",
    "location": "Unnamed Road,03185, Turnow-Preilack, Deutschland",
    "country": "Germany",
    "region": "Sachsen",
    "total_hectares": 22.0,
    "vegetation_type": "Mixed grass",
    "contact_email": "",
    "contact_phone": null,
    "website": null,
    "coordinates": {
      "latitude": 51.9279218,
      "longitude": 14.405893
    }
  },
  {
    "name": "Solarpark Laubsdorf",
    "location": "Koppatzer Weg, 03058 Neuhausen/Spree, Deutschland",
    "country": "Germany",
    "region": "Sachsen",
    "total_hectares": 22.0,
    "vegetation_type": "Sheep grazing",
    "contact_email": "",
    "contact_phone": null,
    "website": null,
    "coordinates": {
      "latitude": 51.6812844,
      "longitude": 14.4354756
    }
  },
  {
    "name": "Solarpark Schönefeld",
    "location": "L70, 14947 Nuthe-Urstromtal, Deutschland",
    "country": "Germany",
    "region": "Berlin",
    "total_hectares": 22.0,
    "vegetation_type": "Mixed grass",
    "contact_email": "",
    "contact_phone": null,
    "website": null,
    "coordinates": {
      "latitude": 52.0831189,
      "longitude": 13.322277
    }
  },
  {
    "name": "Solarpark Gottesgabe",
    "location": "J5RQ+4C, 15320 Neuhardenberg, Deutschland",
    "country": "Germany",
    "region": "Berlin",
    "total_hectares": 22.0,
    "vegetation_type": "Mixed grass",
    "contact_email": "",
    "contact_phone": null,
    "website": "https://www.enbw.com/erneuerbare-energien/solarenergie/solarpark-gottesgabe/",
    "coordinates": {
      "latitude": 52.6403173,
      "longitude": 14.1885846
    }
  },
  {
    "name": "Solarpark Fernwald",
    "location": "Unnamed Road, 35463 Fernwald",
    "country": "Germany",
    "region": "Niedersachsen",
    "total_hectares": 22.0,
    "vegetation_type": "Mixed grass",
    "contact_email": "",
    "contact_phone": "06408 905315",
    "website": null,
    "coordinates": {
      "latitude": 50.5591705,
      "longitude": 8.8137412
    }
  },
  {
    "name": "Solarpark Flugplatz Werneuchen-West",
    "location": "16356 Werneuchen, Deutschland",
    "country": "Germany",
    "region": "Berlin",
    "total_hectares": 22.0,
    "vegetation_type": "Mixed grass",
    "contact_email": "",
    "contact_phone": null,
    "website": null,
    "coordinates": {
      "latitude": 52.6341409,
      "longitude": 13.7604149
    }
  },
  {
    "name": "Solarpark",
    "location": "12529 Schönefeld, Deutschland",
    "country": "Germany",
    "region": "Berlin",
    "total_hectares": 22.0,
    "vegetation_type": "Mixed grass",
    "contact_email": "",
    "contact_phone": null,
    "website": null,
    "coordinates": {
      "latitude": 52.408594,
      "longitude": 13.4558285
    }
  },
  {
    "name": "Fürstenwalde Solar Park",
    "location": "Buchholzer Ch 1a, 15517 Fürstenwalde/Spree, Deutschland",
    "country": "Germany",
    "region": "Berlin",
    "total_hectares": 22.0,
    "vegetation_type": "Mixed grass",
    "contact_email": "",
    "contact_phone": null,
    "website": null,
    "coordinates": {
      "latitude": 52.3928361,
      "longitude": 14.0958213
    }
  },
  {
    "name": "Solarpark Rüdersdorf",
    "location": "15378 Rüdersdorf bei Berlin",
    "country": "Germany",
    "region": "Berlin",
    "total_hectares": 22.0,
    "vegetation_type": "Mixed grass",
    "contact_email": "",
    "contact_phone": "0172 3244961",
    "website": "http://www.encavis.com/",
    "coordinates": {
      "latitude": 52.4949346,
      "longitude": 13.8572587
    }
  },
  {
    "name": "Solarpark Jännersdorf",
    "location": "16945 Marienfließ, Deutschland",
    "country": "Germany",
    "region": "Berlin",
    "total_hectares": 22.0,
    "vegetation_type": "Mixed grass",
    "contact_email": "",
    "contact_phone": null,
    "website": null,
    "coordinates": {
      "latitude": 53.3434355,
      "longitude": 12.0576618
    }
  },
  {
    "name": "Perleberg Solar Park",
    "location": "19348 Perleberg, Deutschland",
    "country": "Germany",
    "region": "Berlin",
    "total_hectares": 22.0,
    "vegetation_type": "Mixed grass",
    "contact_email": "",
    "contact_phone": null,
    "website": null,
    "coordinates": {
      "latitude": 53.074032,
      "longitude": 11.8563563
    }
  },
  {
    "name": "Solarpark Finow Tower",
    "location": "16244 Schorfheide, Deutschland",
    "country": "Germany",
    "region": "Berlin",
    "total_hectares": 22.0,
    "vegetation_type": "Mixed grass",
    "contact_email": "",
    "contact_phone": null,
    "website": null,
    "coordinates": {
      "latitude": 52.8248536,
      "longitude": 13.7061931
    }
  },
  {
    "name": "Solarpark Neuenhagen",
    "location": "15366 Neuenhagen bei Berlin",
    "country": "Germany",
    "region": "Berlin",
    "total_hectares": 22.0,
    "vegetation_type": "Mixed grass",
    "contact_email": "",
    "contact_phone": null,
    "website": "http://www.encavis.com/",
    "coordinates": {
      "latitude": 52.5312957,
      "longitude": 13.71203
    }
  },
  {
    "name": "Solarpark Weesow-Willmersdorf",
    "location": "16356 Werneuchen, Deutschland",
    "country": "Germany",
    "region": "Berlin",
    "total_hectares": 22.0,
    "vegetation_type": "Mixed grass",
    "contact_email": "",
    "contact_phone": null,
    "website": null,
    "coordinates": {
      "latitude": 52.651958,
      "longitude": 13.6937826
    }
  },
  {
    "name": "Solarpark Groß Dölln",
    "location": "17268 Templin, Deutschland",
    "country": "Germany",
    "region": "Berlin",
    "total_hectares": 22.0,
    "vegetation_type": "Mixed grass",
    "contact_email": "",
    "contact_phone": null,
    "website": null,
    "coordinates": {
      "latitude": 53.0284493,
      "longitude": 13.5303019
    }
  },
  {
    "name": "Solarpark Eiche",
    "location": "16356 Ahrensfelde, Deutschland",
    "country": "Germany",
    "region": "Berlin",
    "total_hectares": 22.0,
    "vegetation_type": "Mixed grass",
    "contact_email": "",
    "contact_phone": "+49 2654 881920",
    "website": "http://www.sybac-solar.de/",
    "coordinates": {
      "latitude": 52.5623017,
      "longitude": 13.6030272
    }
  },
  {
    "name": "Solarpark Reckahn",
    "location": "14797 Kloster Lehnin",
    "country": "Germany",
    "region": "Berlin",
    "total_hectares": 22.0,
    "vegetation_type": "Mixed grass",
    "contact_email": "",
    "contact_phone": null,
    "website": null,
    "coordinates": {
      "latitude": 52.3452786,
      "longitude": 12.5517965
    }
  },
  {
    "name": "Kristal Solar Park",
    "location": "Marie Popelinstraat 469, 3920 Lommel, België",
    "country": "Belgium",
    "region": "",
    "total_hectares": 18.0,
    "vegetation_type": "Mixed grass",
    "contact_email": "",
    "contact_phone": null,
    "website": null,
    "coordinates": {
      "latitude": 51.1999341,
      "longitude": 5.2469803
    }
  },
  {
    "name": "GreenVentures Cleantech",
    "location": "Av. J.B. Van Gysel 3, 1780 Wemmel, België",
    "country": "Belgium",
    "region": "Flanders",
    "total_hectares": 18.0,
    "vegetation_type": "Mixed grass",
    "contact_email": "",
    "contact_phone": "+32 496 57 93 05",
    "website": "https://www.greenventures.be/",
    "coordinates": {
      "latitude": 50.9207302,
      "longitude": 4.3370165
    }
  },
  {
    "name": "Solar Power Systems",
    "location": "Abtsdreef 143/A6, 2940 Stabroek, België",
    "country": "Belgium",
    "region": "",
    "total_hectares": 18.0,
    "vegetation_type": "Mixed grass",
    "contact_email": "",
    "contact_phone": "+32 3 640 39 50",
    "website": "https://www.solarpowersystems.be/",
    "coordinates": {
      "latitude": 51.336614,
      "longitude": 4.355117
    }
  },
  {
    "name": "SolarPower Europe",
    "location": "Robert Schumanplein 4, 1040 Brussel, België",
    "country": "Belgium",
    "region": "Brussels",
    "total_hectares": 18.0,
    "vegetation_type": "Mixed grass",
    "contact_email": "",
    "contact_phone": "+32 2 709 55 26",
    "website": "https://www.solarpowereurope.org/",
    "coordinates": {
      "latitude": 50.8419272,
      "longitude": 4.3835916
    }
  },
  {
    "name": "Ministry of Solar",
    "location": "Industriestraat 8c, 8755 Wingene, België",
    "country": "Belgium",
    "region": "Flanders",
    "total_hectares": 18.0,
    "vegetation_type": "Mixed grass",
    "contact_email": "",
    "contact_phone": "+32 50 35 90 27",
    "website": "http://ministryofsolar.com/",
    "coordinates": {
      "latitude": 51.0469333,
      "longitude": 3.4104892
    }
  },
  {
    "name": "Belga Solar - Fabrication et installation de panneaux photovoltaïques belges",
    "location": "Zone d'activités Nord, 89, 5377 Baillonville, België",
    "country": "Belgium",
    "region": "Wallonia",
    "total_hectares": 18.0,
    "vegetation_type": "Mixed grass",
    "contact_email": "",
    "contact_phone": "+32 86 38 81 38",
    "website": "https://www.belgasolar.com/",
    "coordinates": {
      "latitude": 50.2940914,
      "longitude": 5.3505242
    }
  },
  {
    "name": "Solar park electrowinds",
    "location": "8434 Middelkerke, België",
    "country": "Belgium",
    "region": "Flanders",
    "total_hectares": 18.0,
    "vegetation_type": "Mixed grass",
    "contact_email": "",
    "contact_phone": null,
    "website": null,
    "coordinates": {
      "latitude": 51.13953,
      "longitude": 2.7646789
    }
  },
  {
    "name": "TBAC SOLAR PARK",
    "location": "Tervuursesteenweg 70, 1820 Steenokkerzeel, België",
    "country": "Belgium",
    "region": "Flanders",
    "total_hectares": 18.0,
    "vegetation_type": "Mixed grass",
    "contact_email": "",
    "contact_phone": null,
    "website": null,
    "coordinates": {
      "latitude": 50.8995254,
      "longitude": 4.5126484
    }
  },
  {
    "name": "Batimont Solar Park",
    "location": "l, Leopold van Tyghemlaan 62, 8400 Oostende, België",
    "country": "Belgium",
    "region": "Flanders",
    "total_hectares": 18.0,
    "vegetation_type": "Mixed grass",
    "contact_email": "",
    "contact_phone": "+32 494 58 11 71",
    "website": "http://kv-do.be/",
    "coordinates": {
      "latitude": 51.2168608,
      "longitude": 2.8865719
    }
  },
  {
    "name": "ebeco",
    "location": "Ondernemersstraat 5/bus 3, 3930 Hamont-Achel, België",
    "country": "Belgium",
    "region": "",
    "total_hectares": 18.0,
    "vegetation_type": "Mixed grass",
    "contact_email": "",
    "contact_phone": "+32 488 24 42 43",
    "website": "http://ebeco.be/",
    "coordinates": {
      "latitude": 51.2456568,
      "longitude": 5.5149758
    }
  },
  {
    "name": "Solar Engineering",
    "location": "Trawoollaan 1B, 1830 Machelen, België",
    "country": "Belgium",
    "region": "Flanders",
    "total_hectares": 18.0,
    "vegetation_type": "Mixed grass",
    "contact_email": "",
    "contact_phone": "+32 467 09 90 99",
    "website": "http://www.solar-engineering.be/",
    "coordinates": {
      "latitude": 50.9175888,
      "longitude": 4.4365208
    }
  },
  {
    "name": "Agrisolar",
    "location": "Robert Schumanplein 2/4, 1040 Brussel, België",
    "country": "Belgium",
    "region": "Brussels",
    "total_hectares": 18.0,
    "vegetation_type": "Mixed grass",
    "contact_email": "",
    "contact_phone": "+32 490 64 97 52",
    "website": "http://agrisolareurope.org/",
    "coordinates": {
      "latitude": 50.8419612,
      "longitude": 4.3834784
    }
  },
  {
    "name": "Greenfarmerz : Installateur photovoltaïque, bornes de recharge, panneaux solaires",
    "location": null,
    "country": "Belgium",
    "region": "",
    "total_hectares": 18.0,
    "vegetation_type": "Mixed grass",
    "contact_email": "",
    "contact_phone": "+32 2 887 84 17",
    "website": "https://www.greenfarmerz.be/",
    "coordinates": {
      "latitude": 50.501038,
      "longitude": 4.4661
    }
  },
  {
    "name": "IQ Solar",
    "location": "Baron Van Loolaan 15, 9940 Evergem, België",
    "country": "Belgium",
    "region": "Flanders",
    "total_hectares": 18.0,
    "vegetation_type": "Mixed grass",
    "contact_email": "",
    "contact_phone": "+32 9 279 54 05",
    "website": "http://www.iq-solar.be/?utm_source=google&utm_medium=organic&utm_campaign=GMB",
    "coordinates": {
      "latitude": 51.1267829,
      "longitude": 3.7485592
    }
  },
  {
    "name": "Batimont",
    "location": "Rolariusweg 7, 8800 Roeselare, België",
    "country": "Belgium",
    "region": "Flanders",
    "total_hectares": 18.0,
    "vegetation_type": "Mixed grass",
    "contact_email": "",
    "contact_phone": "+32 56 60 06 00",
    "website": "http://www.batimont.be/",
    "coordinates": {
      "latitude": 50.9679618,
      "longitude": 3.1184159
    }
  }
]
